"0","ph.amb
"
"1"," [1]"
"1"," ""PCG001"""
"1"," ""PCG002"""
"1"," ""PCG004"""
"1"," ""PCG010"""
"1"," ""PCG011"""
"1"," ""PCG015"""
"1"," ""PCG016"""
"1"," ""PCG017"""
"1"," ""PCG018"""
"1"," ""PCG049"""
"1"," ""PCG050"""
"1"," ""PCG053"""
"1"," ""PCG058"""
"1"," ""PCG059"""
"1"," ""PCG060"""
"1"," ""PCG061"""
"1"," ""PCG118"""
"1"," ""PCG120"""
"1"," ""PCG121"""
"1"," ""PCG124"""
"1"," ""PCG125"""
"1"," ""PCG131"""
"1"," ""PCG133"""
"1","
"
"1","[24]"
"1"," ""PCG134"""
"1"," ""PCG177"""
"1"," ""PCG179"""
"1"," ""PCG183"""
"1"," ""PCG184"""
"1"," ""PCG189"""
"1"," ""PCG193"""
"1"," ""PCG194"""
"1"," ""PCG195"""
"1"," ""PCG353"""
"1"," ""PCG354"""
"1"," ""PCG355"""
"1"," ""PCG356"""
"1"," ""PCG357"""
"1"," ""PCG358"""
"1"," ""PCG359"""
"1"," ""PCG360"""
"1"," ""PCG361"""
"1"," ""PCG362"""
"1"," ""PCG363"""
"1"," ""PCG364"""
"1"," ""PCG365"""
"1"," ""PCG366"""
"1","
"
"1","[47]"
"1"," ""PCG367"""
"1","
"
